ID,Контакт: ID,Дата создания,month,Воронка,funnel_group,Стадия сделки,Сделка закрыта,Дата оплаты,Сумма,revenue_amount,is_revenue_variant3,UTM Source,UTM Medium,UTM Campaign,UTM Content,Название сделки,Код_курса_сайт,Код курса,course_code_norm,event_class,classification_source,classification_pattern,classification_confidence,is_attacking_january
80383,121117,25.10.2024 11:52:40,2024-10,Реактивация,Реактивация,Некачественный лид,да,,0.00000000,0,0,yandex,cpc,b802,undefined,Blue team Stepik,Код курса: B-802,,B-802,Blue Team Stepik,Название сделки,\bblue team stepik\b,high,0
82681,122001,19.12.2024 13:48:04,2024-12,B2C,B2C,Сделка не заключена,да,,0.00000000,0,0,yandex,cpc,b2c,undefined,Ванюлин Евгений Владимирович B-301,Код курса: B-301,,B-301,Другое,,,low,0
86591,104371,28.02.2025 19:07:58,2025-02,B2C,B2C,Сделка не заключена,да,,,0,0,yandex,cpc,r420,undefined,Заявка с сайта cyber-ed Главная страница,main_page,,MAIN_PAGE,Другое,,,low,0
86619,82369,01.03.2025 13:25:18,2025-03,Реактивация,Реактивация,В2С отказ,нет,,,0,0,yandex,cpc,b802,undefined,Blue team Stepik,Код курса: B-101,,B-101,Blue Team Stepik,Название сделки,\bblue team stepik\b,high,0
87023,123081,06.03.2025 21:47:55,2025-03,B2C,B2C,Сделка не заключена,да,,66600.00000000,0,0,yandex,cpc,s1,undefined,R-301,Код мероприятия: v-1,,V_1,Другое,,,low,0
87221,75973,08.03.2025 17:25:58,2025-03,B2C,B2C,Сделка не заключена,да,,,0,0,yandex,cpc,s1,undefined,Заявка с сайта cyber-ed МЕРОПРИЯТИЯ,Код мероприятия: v-1,,V_1,Другое,,,low,0
87603,20613,11.03.2025 14:46:10,2025-03,B2C,B2C,Сделка не заключена,да,,78000.00000000,0,0,yandex,cpc,s1,undefined,S-410,Код мероприятия: v-1,,V_1,Другое,,,low,0
87885,83527,13.03.2025 17:46:16,2025-03,B2C,B2C,Сделка не заключена,да,,0.00000000,0,0,yandex,cpc,s1,undefined,Заявка с сайта cyber-ed МЕРОПРИЯТИЯ,Код мероприятия: v-1,,V_1,Другое,,,low,0
88437,84017,20.03.2025 19:09:37,2025-03,Реактивация,Реактивация,В2С отказ,нет,,,0,0,youtube,undefined,honeymontana,undefined,Заявка с сайта cyber-ed МЕРОПРИЯТИЯ,Код мероприятия: v-2,,V_2,Другое,,,low,0
88477,58101,20.03.2025 20:56:44,2025-03,B2C,B2C,Сделка не заключена,да,,,0,0,yandex,cpc,v2,undefined,Заявка с сайта cyber-ed МЕРОПРИЯТИЯ,Код мероприятия: v-2,,V_2,Другое,,,low,0
88735,84239,24.03.2025 02:00:46,2025-03,B2C,B2C,Сделка не заключена,да,,,0,0,yandex,cpc,v2,undefined,"Хамдам_В-207, В-208, В-236",Код мероприятия: v-2,,V_2,Другое,,,low,0
88747,84251,24.03.2025 11:44:15,2025-03,B2C,B2C,Сделка не заключена,да,,,0,0,yandex,cpc,v2,undefined,R-301_18.12.2025,Код мероприятия: v-2,,V_2,Другое,,,low,0
88899,84379,25.03.2025 14:48:18,2025-03,B2C,B2C,Сделка не заключена,да,,,0,0,yandex,cpc,v2,undefined,Заявка с сайта cyber-ed МЕРОПРИЯТИЯ,Код мероприятия: v-2,,V_2,Другое,,,low,0
90831,86013,19.04.2025 06:39:06,2025-04,B2C,B2C,Сделка не заключена,да,,,0,0,yandex,cpc,b802,undefined,Консультация,Код курса: B-101,,B-101,Другое,,,low,0
92307,60133,05.05.2025 23:47:40,2025-05,Реактивация,Реактивация,Некачественный лид,да,,,0,0,yandex,cpc,b802,undefined,Blue team Stepik,Код курса: B-101,,B-101,Blue Team Stepik,Название сделки,\bblue team stepik\b,high,0
92347,87405,06.05.2025 12:50:54,2025-05,B2C,B2C,Сделка не заключена,да,,,0,0,yandex,cpc,br3d,undefined,Заявка с сайта cyber-ed B2C,Код курса: S-232,,S-232,Другое,,,low,0
92503,87553,07.05.2025 10:58:33,2025-05,B2C,B2C,Сделка не заключена,да,,,0,0,yandex_cpc,r301,CyberED_PENTEST__set,Москва.desktop.none.16975561359,Заявка с сайта cyber-ed B2C,Код курса: R-301,,R-301,Другое,,,low,0
92689,87751,11.05.2025 19:24:51,2025-05,B2C,B2C,Сделка не заключена,да,,,0,0,yandex_cpc,r301,CyberED_PENTEST__set,Санкт-Петербург.mobile.none.16975561359,Заявка с сайта cyber-ed B2C,Код курса: R-301,,R-301,Другое,,,low,0
92705,87767,11.05.2025 21:32:18,2025-05,B2C,B2C,Сделка не заключена,да,,,0,0,yandex_cpc,r301,CyberED_PENTEST__set,Москва.mobile.none.16975561359,Заявка с сайта cyber-ed B2C,Код курса: R-301,,R-301,Другое,,,low,0
92713,87775,11.05.2025 23:58:38,2025-05,B2C,B2C,Сделка не заключена,да,,,0,0,yandex_cpc,r301,CyberED_PENTEST__set,Москва.desktop.none.16975561347,Заявка с сайта cyber-ed B2C,Код курса: R-301,,R-301,Другое,,,low,0
92721,87783,12.05.2025 01:04:52,2025-05,B2C,B2C,Сделка не заключена,да,,,0,0,yandex,cpc,s-410,undefined,Заявка с сайта cyber-ed B2C,Код курса: S-410,,S-410,Другое,,,low,0
92767,87815,12.05.2025 13:24:24,2025-05,B2C,B2C,Сделка не заключена,да,,,0,0,yandex,cpc,br3d,undefined,Заявка с сайта cyber-ed B2C,Код курса: R-301,,R-301,Другое,,,low,0
92853,87875,13.05.2025 05:29:37,2025-05,B2C,B2C,Сделка не заключена,да,,,0,0,yandex_cpc,b301,CyberED_SOC_set,%D0%A1%D0%B0%D0%BD%D0%BA%D1%82-%D0%9F%D0%B5%D1%82%D0%B5%D1%80%D0%B1%D1%83%D1%80%D0%B3.mobile.none.16975561364,Заявка с сайта cyber-ed B2C,Код курса: B-301,,B-301,Другое,,,low,0
92881,87897,13.05.2025 16:16:45,2025-05,B2C,B2C,Сделка не заключена,да,,,0,0,yandex_cpc,r301,CyberED_PENTEST__set,%D0%A1%D0%B0%D0%BD%D0%BA%D1%82-%D0%9F%D0%B5%D1%82%D0%B5%D1%80%D0%B1%D1%83%D1%80%D0%B3.mobile.none.16975561350,Заявка с сайта cyber-ed B2C,Код курса: R-301,,R-301,Другое,,,low,0
92913,87929,13.05.2025 23:28:02,2025-05,B2C,B2C,Сделка не заключена,да,,,0,0,yandex_cpc,r301,CyberED_PENTEST__set,%D0%A1%D0%B0%D0%BD%D0%BA%D1%82-%D0%9F%D0%B5%D1%82%D0%B5%D1%80%D0%B1%D1%83%D1%80%D0%B3.mobile.none.16975561347,Заявка с сайта cyber-ed B2C,Код курса: R-301,,R-301,Другое,,,low,0
92927,87939,14.05.2025 06:18:06,2025-05,Реактивация,Реактивация,В2С отказ,да,,,0,0,yandex_cpc,r301,CyberED_PENTEST__set,Санкт-Петербург.mobile.none.16975561347,Заявка с сайта cyber-ed B2C,Код курса: R-301,,R-301,Другое,,,low,0
93181,88127,14.05.2025 23:07:34,2025-05,B2C,B2C,Сделка не заключена,да,,,0,0,yandex_cpc,b301,CyberED_SOC_set,%D0%A1%D0%B0%D0%BD%D0%BA%D1%82-%D0%9F%D0%B5%D1%82%D0%B5%D1%80%D0%B1%D1%83%D1%80%D0%B3.mobile.none.16975561372,Заявка с сайта cyber-ed B2C,Код курса: B-301,,B-301,Другое,,,low,0
93209,88155,15.05.2025 10:32:17,2025-05,B2C,B2C,Сделка не заключена,да,,,0,0,yandex,cpc,s-410,undefined,Заявка с сайта cyber-ed B2C,Код курса: S-410,,S-410,Другое,,,low,0
93309,88231,15.05.2025 19:16:38,2025-05,Реактивация,Реактивация,В2С отказ,нет,,,0,0,yandex_cpc,r301,CyberED_PENTEST__set,%D0%A1%D0%B0%D0%BD%D0%BA%D1%82-%D0%9F%D0%B5%D1%82%D0%B5%D1%80%D0%B1%D1%83%D1%80%D0%B3.mobile.none.16975561359,Заявка с сайта cyber-ed B2C,Код курса: R-301,,R-301,Другое,,,low,0
93323,88245,15.05.2025 20:49:07,2025-05,B2C,B2C,Сделка не заключена,да,,,0,0,yandex_cpc,r301,CyberED_PENTEST__set,Москва.desktop.none.16975561359,Заявка с сайта cyber-ed B2C,Код курса: R-301,,R-301,Другое,,,low,0
93335,88257,15.05.2025 22:51:41,2025-05,B2C,B2C,Сделка не заключена,да,,,0,0,yandex_cpc,r301,CyberED_PENTEST__set,%D0%A1%D0%B0%D0%BD%D0%BA%D1%82-%D0%9F%D0%B5%D1%82%D0%B5%D1%80%D0%B1%D1%83%D1%80%D0%B3.mobile.none.16975561359,Заявка с сайта cyber-ed B2C,Код курса: R-301,,R-301,Другое,,,low,0
93451,88321,16.05.2025 22:26:19,2025-05,B2C,B2C,Сделка не заключена,да,,,0,0,yandex_cpc,r301,CyberED_PENTEST__set,Санкт-Петербург.mobile.none.16975561359,Заявка с сайта cyber-ed B2C,Код курса: R-301,,R-301,Другое,,,low,0
93465,88335,16.05.2025 23:59:06,2025-05,B2C,B2C,Сделка не заключена,да,,,0,0,yandex_cpc,b301,CyberED_SOC_set,Санкт-Петербург.mobile.none.16975561380,Заявка с сайта cyber-ed B2C,Код курса: B-301,,B-301,Другое,,,low,0
93481,88347,17.05.2025 09:08:20,2025-05,B2C,B2C,Сделка не заключена,да,,,0,0,yandex,cpc,s-410,undefined,Заявка с сайта cyber-ed B2C,Код курса: S-410,,S-410,Другое,,,low,0
93507,87711,18.05.2025 00:20:43,2025-05,B2C,B2C,Сделка не заключена,да,,,0,0,yandex_cpc,r301,CyberED_PENTEST__set,%D0%A1%D0%B0%D0%BD%D0%BA%D1%82-%D0%9F%D0%B5%D1%82%D0%B5%D1%80%D0%B1%D1%83%D1%80%D0%B3.mobile.none.16975561347,Заявка с сайта cyber-ed B2C,Код курса: R-301,,R-301,Другое,,,low,0
93515,88379,18.05.2025 11:04:25,2025-05,B2C,B2C,Сделка не заключена,да,,,0,0,yandex_cpc,r301,CyberED_PENTEST__set,%D0%A1%D0%B0%D0%BD%D0%BA%D1%82-%D0%9F%D0%B5%D1%82%D0%B5%D1%80%D0%B1%D1%83%D1%80%D0%B3.mobile.none.16975561359,Заявка с сайта cyber-ed B2C,Код курса: R-301,,R-301,Другое,,,low,0
93529,88393,18.05.2025 15:19:44,2025-05,B2C,B2C,Сделка не заключена,да,,,0,0,yandex_cpc,b301,CyberED_SOC_set,Санкт-Петербург.mobile.none.16975561366,Заявка с сайта cyber-ed B2C,Код курса: B-301,,B-301,Другое,,,low,0
93537,88399,18.05.2025 17:16:36,2025-05,B2C,B2C,Сделка не заключена,да,,,0,0,yandex_cpc,b301,CyberED_SOC_set,%D0%A1%D0%B0%D0%BD%D0%BA%D1%82-%D0%9F%D0%B5%D1%82%D0%B5%D1%80%D0%B1%D1%83%D1%80%D0%B3.mobile.none.16975561380,Заявка с сайта cyber-ed B2C,Код курса: B-301,,B-301,Другое,,,low,0
93545,88407,18.05.2025 18:07:57,2025-05,B2C,B2C,Сделка не заключена,да,,,0,0,yandex_cpc,r301,CyberED_PENTEST__set,Москва.mobile.none.16996792083,Заявка с сайта cyber-ed B2C,Код курса: R-301,,R-301,Другое,,,low,0
93553,88415,18.05.2025 20:23:04,2025-05,B2C,B2C,Сделка не заключена,да,,,0,0,yandex_cpc,r301,CyberED_PENTEST__set,Санкт-Петербург.mobile.none.16975561347,Заявка с сайта cyber-ed B2C,Код курса: R-301,,R-301,Другое,,,low,0
93561,88423,18.05.2025 22:35:13,2025-05,B2C,B2C,Сделка не заключена,да,,,0,0,yandex_cpc,b301,CyberED_SOC_set,%D0%9C%D0%BE%D1%81%D0%BA%D0%B2%D0%B0.mobile.none.16975561366,Заявка с сайта cyber-ed B2C,Код курса: B-301,,B-301,Другое,,,low,0
93655,88433,19.05.2025 00:45:46,2025-05,B2C,B2C,Сделка не заключена,да,,,0,0,yandex_cpc,r301,CyberED_PENTEST__set,%D0%A1%D0%B0%D0%BD%D0%BA%D1%82-%D0%9F%D0%B5%D1%82%D0%B5%D1%80%D0%B1%D1%83%D1%80%D0%B3.mobile.none.16996792083,Заявка с сайта cyber-ed B2C,Код курса: R-301,,R-301,Другое,,,low,0
95217,46227,31.05.2025 18:41:29,2025-05,Реактивация,Реактивация,В2С отказ,нет,,,0,0,yandex,cpc,br3d,Москва.desktop.none.16975561350,Заявка с сайта cyber-ed B2C,Код курса: R-301,,R-301,Другое,,,low,0
95289,89047,02.06.2025 18:00:17,2025-06,B2C,B2C,Сделка не заключена,да,,,0,0,yandex,cpc,br3d,undefined,Заявка с сайта cyber-ed B2C,Код курса: R-301,,R-301,Другое,,,low,0
119583,113149,04.09.2025 16:11:52,2025-09,Реактивация,Реактивация,Входящие лиды (нет ответа),да,,0.00000000,0,0,yandex,cpc,r301,,Демо курс,R301-M0A,,R-301-M0A,Другое,,,low,0
119655,112565,05.09.2025 11:50:02,2025-09,Реактивация,Реактивация,В2С отказ,да,,0.00000000,0,0,yandex,cpc,r301,,Демо курс,R301-M0A,,R-301-M0A,Другое,,,low,0
119933,113041,09.09.2025 05:10:29,2025-09,Реактивация,Реактивация,В2С отказ,нет,,0.00000000,0,0,yandex,cpc,r301,undefined,Заявка с сайта cyber-ed Главная страница,main_page,,MAIN_PAGE,Другое,,,low,0
120071,112931,10.09.2025 11:33:05,2025-09,Реактивация,Реактивация,Blue team Stepik,нет,,0.00000000,0,0,yandex,cpc,brand,undefined,Blue team Stepik,Код курса: B-101,,B-101,Blue Team Stepik,Название сделки,\bblue team stepik\b,high,0
120073,112933,10.09.2025 11:35:30,2025-09,B2C,B2C,Сделка не заключена,да,,0.00000000,0,0,yandex,cpc,b802,undefined,Blue team Stepik,Код курса: B-101,,B-101,Blue Team Stepik,Название сделки,\bblue team stepik\b,high,0
120209,113041,11.09.2025 04:17:46,2025-09,Реактивация,Реактивация,В2С отказ,да,,0.00000000,0,0,yandex,cpc,r301,,Демо курс,R301-M0A,,R-301-M0A,Другое,,,low,0
120657,113407,16.09.2025 23:42:16,2025-09,Реактивация,Реактивация,Blue team Stepik,нет,,0.00000000,0,0,yandex,cpc,brand,undefined,Blue team Stepik,Код курса: B-101,,B-101,Blue Team Stepik,Название сделки,\bblue team stepik\b,high,0
120797,113535,17.09.2025 22:05:14,2025-09,Холодная воронка,Холодная воронка,Некачественный лид,да,,0.00000000,0,0,yandex,cpc,r301,,Демо курс,R301-M0A,,R-301-M0A,Другое,,,low,0
120963,113661,20.09.2025 00:06:26,2025-09,Холодная воронка,Холодная воронка,Некачественный лид,да,,0.00000000,0,0,yandex,cpc,r301,undefined,Заявка с сайта cyber-ed B2C,Код курса: R-301,,R-301,Другое,,,low,0
121019,113713,21.09.2025 20:28:27,2025-09,Реактивация,Реактивация,Входящие лиды (нет ответа),да,,0.00000000,0,0,yandex,cpc,r301,,Демо курс,R301-M0A,,R-301-M0A,Другое,,,low,0
121061,113753,21.09.2025 23:48:07,2025-09,Холодная воронка,Холодная воронка,Некачественный лид,да,,0.00000000,0,0,yandex,cpc,r301,,Демо курс,R301-M0A,,R-301-M0A,Другое,,,low,0
121173,113853,23.09.2025 12:39:24,2025-09,Холодная воронка,Холодная воронка,Некачественный лид,да,,0.00000000,0,0,ya,cpc,brand,,Демо курс,R301-M0A,,R-301-M0A,Другое,,,low,0
121417,114053,27.09.2025 07:27:28,2025-09,Реактивация,Реактивация,Blue team Stepik,нет,,0.00000000,0,0,yandex,cpc,brand,undefined,Blue team Stepik@,Код курса: B-101,,B-101,Blue Team Stepik,Название сделки,\bblue team stepik\b,high,0
121539,114151,30.09.2025 12:08:30,2025-09,Холодная воронка,Холодная воронка,Некачественный лид,да,,0.00000000,0,0,yandex,cpc,r301,,Демо курс,R301-M0A,,R-301-M0A,Другое,,,low,0
121545,114155,30.09.2025 12:58:22,2025-09,B2C,B2C,Сделка заключена,да,20.10.2025,54435.00000000,54435,1,yandex,cpc,brand,undefined,Орехов Даниил Олегович_F-401-А_21.10.2025,Код курса: F-108,,F-108,Другое,,,low,0
121585,114179,30.09.2025 20:34:39,2025-09,Холодная воронка,Холодная воронка,Некачественный лид,да,,0.00000000,0,0,yandex,cpc,r301,,Демо курс,R301-M0A,,R-301-M0A,Другое,,,low,0
121587,114179,30.09.2025 20:35:24,2025-09,Холодная воронка,Холодная воронка,Некачественный лид,да,,0.00000000,0,0,yandex,cpc,r301,undefined,Заявка + попытка оплаты сайт Cyber-Ed.ru,R301-A,,R-301-A,Другое,,,low,0
121679,114239,01.10.2025 21:38:11,2025-10,Реактивация,Реактивация,"В проработке, нет ответа",нет,,0.00000000,0,0,yandex,cpc,brand,undefined,Blue team Stepik,Код курса: B-101,,B-101,Blue Team Stepik,Название сделки,\bblue team stepik\b,high,0
122065,114593,04.10.2025 14:23:39,2025-10,Реактивация,Реактивация,Входящие лиды (нет ответа),да,,0.00000000,0,0,yandex,cpc,r301,,Демо курс,R301-M0A,,R-301-M0A,Другое,,,low,0
122323,114795,06.10.2025 15:57:49,2025-10,Реактивация,Реактивация,Некачественный лид,да,,0.00000000,0,0,yandex,cpc,brand,,ПХД,R-101,,R-101,Другое,,,low,0
122405,114849,07.10.2025 16:24:22,2025-10,Реактивация,Реактивация,В2С отказ,нет,,0.00000000,0,0,yandex,cpc,brand,undefined,Blue team Stepik,Код курса: B-101,,B-101,Blue Team Stepik,Название сделки,\bblue team stepik\b,high,0
122721,76865,09.10.2025 13:50:45,2025-10,Реактивация,Реактивация,Blue team Stepik,нет,,0.00000000,0,0,yandex,cpc,brand,undefined,Blue team Stepik@,Код курса: B-101,,B-101,Blue Team Stepik,Название сделки,\bblue team stepik\b,high,0
122883,115141,09.10.2025 18:09:26,2025-10,Холодная воронка,Холодная воронка,Некачественный лид,да,,0.00000000,0,0,yandex,cpc,r301,,Демо курс + Тренд Репорты,R301-M0A,,R-301-M0A,Другое,,,low,0
123015,113773,10.10.2025 10:49:35,2025-10,Холодная воронка,Холодная воронка,Некачественный лид,да,,0.00000000,0,0,yandex,tokhtarov,{campaign_id},{ad_id},Заявка с формы: vstrecha-s-nastavnikom-main — Test,,,,Другое,,,low,0
123081,120665,10.10.2025 15:54:13,2025-10,Реактивация,Реактивация,Некачественный лид,да,,0.00000000,0,0,yandex,cpc,r301,,ПХД,R-101,,R-101,Другое,,,low,0
123873,121033,15.10.2025 12:57:50,2025-10,Реактивация,Реактивация,В2С отказ,нет,,0.00000000,0,0,yandex,cpc,brand,,ПХД,R-101,,R-101,Другое,,,low,0
124069,113773,16.10.2025 12:23:48,2025-10,B2C,B2C,Сделка не заключена,да,,0.00000000,0,0,yandex,tokhtarov,{campaign_id},{ad_id},Заявка с формы: vstrecha-s-nastavnikom-main — test,,,,Другое,,,low,0
124259,116167,18.10.2025 13:01:30,2025-10,Реактивация,Реактивация,В2С отказ,нет,,0.00000000,0,0,yandex,cpc,brand,,ПХД,R-101,,R-101,Другое,,,low,0
124273,116179,18.10.2025 17:05:37,2025-10,Реактивация,Реактивация,"В проработке, нет ответа",нет,,0.00000000,0,0,yandex,cpc,brand,,ПХД,R-101,,R-101,Другое,,,low,0
124321,116167,19.10.2025 13:43:38,2025-10,Реактивация,Реактивация,Некачественный лид,да,,0.00000000,0,0,yandex,cpc,brand,undefined,Blue team Stepik,Код курса: B-101,,B-101,Blue Team Stepik,Название сделки,\bblue team stepik\b,high,0
124345,116241,20.10.2025 01:53:17,2025-10,Реактивация,Реактивация,Входящие лиды (нет ответа),нет,,0.00000000,0,0,yandex,cpc,r301,undefined,R-301,Код курса: R-301,,R-301,Другое,,,low,0
124615,116385,21.10.2025 13:01:19,2025-10,B2C,B2C,Сделка не заключена,да,,0.00000000,0,0,yandex,cpc,brand,,ПХД,R-101,,R-101,Другое,,,low,0
124661,116411,21.10.2025 15:31:03,2025-10,Реактивация,Реактивация,Входящие лиды (нет ответа),да,,0.00000000,0,0,yandex,cpc,r301,,Демо курс,R301-M0A,,R-301-M0A,Другое,,,low,0
124997,116545,23.10.2025 10:51:46,2025-10,Реактивация,Реактивация,В2С отказ,нет,,0.00000000,0,0,yandex,cpc,brand,,ПХД,R-101,,R-101,Другое,,,low,0
125001,80665,23.10.2025 11:13:01,2025-10,Реактивация,Реактивация,Некачественный лид,да,,0.00000000,0,0,yandex,cpc,brand,undefined,Blue team Stepik,Код курса: B-101,,B-101,Blue Team Stepik,Название сделки,\bblue team stepik\b,high,0
125099,116627,23.10.2025 23:48:49,2025-10,Холодная воронка,Холодная воронка,Некачественный лид,да,,0.00000000,0,0,yandex,cpc,r301,undefined,Заявка с сайта cyber-ed B2C,Код курса: R-301,,R-301,Другое,,,low,0
125129,116653,24.10.2025 11:44:59,2025-10,Холодная воронка,Холодная воронка,Некачественный лид,да,,0.00000000,0,0,yandex,cpc,r301,,Демо курс,R301-M0A,,R-301-M0A,Другое,,,low,0
125223,28179,25.10.2025 10:24:20,2025-10,Реактивация,Реактивация,Входящие лиды (нет ответа),да,,0.00000000,0,0,yandex,cpc,r301,,Демо курс,R301-M0A,,R-301-M0A,Другое,,,low,0
125289,116749,26.10.2025 17:50:54,2025-10,Холодная воронка,Холодная воронка,Некачественный лид,да,,0.00000000,0,0,yandex,cpc,r301,,Демо курс,R301-M0A,,R-301-M0A,Другое,,,low,0
125879,116979,29.10.2025 08:07:13,2025-10,Реактивация,Реактивация,Некачественный лид,да,,0.00000000,0,0,yandex,cpc,brand,,Blue Team Stepik,B-101,,B-101,Blue Team Stepik,Название сделки,\bblue team stepik\b,high,0
125881,116979,29.10.2025 08:10:57,2025-10,Реактивация,Реактивация,В2С отказ,нет,,0.00000000,0,0,yandex,cpc,brand,,Blue Team Stepik,B-101,,B-101,Blue Team Stepik,Название сделки,\bblue team stepik\b,high,0
126337,117253,01.11.2025 02:09:55,2025-11,Реактивация,Реактивация,Некачественный лид,да,,0.00000000,0,0,yandex,cpc,brand,,ПБХ,R-101,,R-101,Другое,,,low,0
126389,125941,01.11.2025 21:56:48,2025-11,Реактивация,Реактивация,Некачественный лид,да,,0.00000000,0,0,yandex,cpc,brand,,ПБХ,R-101,,R-101,Другое,,,low,0
126501,117359,04.11.2025 16:51:28,2025-11,Реактивация,Реактивация,В2С отказ,нет,,0.00000000,0,0,yandex,cpc,brand,,Blue Team Stepik,B-101,,B-101,Blue Team Stepik,Название сделки,\bblue team stepik\b,high,0
126615,26267,06.11.2025 12:19:08,2025-11,Реактивация,Реактивация,В2С отказ,нет,,0.00000000,0,0,yandex,cpc,brand,,Blue Team Stepik,B-101,,B-101,Blue Team Stepik,Название сделки,\bblue team stepik\b,high,0
126751,117535,07.11.2025 22:46:14,2025-11,Реактивация,Реактивация,Некачественный лид,да,,0.00000000,0,0,yandex,cpc,brand,,ПБХ,R-101,,R-101,Другое,,,low,0
126753,117537,07.11.2025 22:46:14,2025-11,Реактивация,Реактивация,Некачественный лид,да,,0.00000000,0,0,yandex,cpc,brand,,ПБХ,R-101,,R-101,Другое,,,low,0
126755,117535,07.11.2025 22:49:39,2025-11,Реактивация,Реактивация,Некачественный лид,да,,0.00000000,0,0,yandex,cpc,brand,,ПБХ,R-101,,R-101,Другое,,,low,0
126765,117535,08.11.2025 08:03:20,2025-11,B2C,B2C,Сделка не заключена,да,,0.00000000,0,0,yandex,cpc,brand,,F-401,R-101,,R-101,Другое,,,low,0
126777,117555,08.11.2025 17:16:24,2025-11,B2C,B2C,Сделка заключена,да,08.11.2025,24467.00000000,24467,1,yandex,cpc,brand,,Кожемякина Анастасия Александровна_R-301A_10.11.25,R301-A,,R-301-A,Другое,,,low,0
126779,117555,08.11.2025 17:16:25,2025-11,Холодная воронка,Холодная воронка,Некачественный лид,да,,0.00000000,0,0,yandex,cpc,brand,,Заявка + попытка оплаты сайт Cyber-Ed.ru,R301-A,,R-301-A,Другое,,,low,0
126867,117613,10.11.2025 08:17:26,2025-11,Реактивация,Реактивация,В2С отказ,нет,,0.00000000,0,0,yandex,cpc,brand,,ПБХ,R-101,,R-101,Другое,,,low,0
126895,117639,10.11.2025 12:12:57,2025-11,Реактивация,Реактивация,Некачественный лид,да,,0.00000000,0,0,yandex,cpc,brand,,Blue Team Stepik,B-101,,B-101,Blue Team Stepik,Название сделки,\bblue team stepik\b,high,0
127069,117759,11.11.2025 21:51:06,2025-11,Реактивация,Реактивация,В2С отказ,нет,,0.00000000,0,0,yandex,cpc,brand,,ПБХ,R-101,,R-101,Другое,,,low,0
127221,117869,13.11.2025 11:02:42,2025-11,Реактивация,Реактивация,В2С отказ,нет,,0.00000000,0,0,yandex,cpc,brand,,ПБХ,R-101,,R-101,Другое,,,low,0
127291,117903,14.11.2025 02:52:09,2025-11,Реактивация,Реактивация,В2С отказ,нет,,0.00000000,0,0,yandex,cpc,brand,,ПБХ,R-101,,R-101,Другое,,,low,0
127377,117951,15.11.2025 17:25:45,2025-11,B2C,B2C,Сделка не заключена,да,,0.00000000,0,0,yandex,cpc,brand,,Blue Team Stepik,B-101,,B-101,Blue Team Stepik,Название сделки,\bblue team stepik\b,high,0
127467,118015,17.11.2025 02:15:34,2025-11,Реактивация,Реактивация,В2С отказ,нет,,0.00000000,0,0,yandex,cpc,brand,,ПБХ,R-101,,R-101,Другое,,,low,0
127687,118191,18.11.2025 23:23:27,2025-11,Реактивация,Реактивация,"В проработке, нет ответа",нет,,0.00000000,0,0,yandex,cpc,brand,,ПБХ,R-101,,R-101,Другое,,,low,0
127729,118235,19.11.2025 09:21:23,2025-11,Реактивация,Реактивация,В2С отказ,нет,,0.00000000,0,0,yandex,cpc,brand,,ПБХ,R-101,,R-101,Другое,,,low,0
127731,118235,19.11.2025 09:22:08,2025-11,Реактивация,Реактивация,В2С отказ,нет,,0.00000000,0,0,yandex,cpc,brand,,ПБХ,R-101,,R-101,Другое,,,low,0
127823,118289,20.11.2025 09:56:18,2025-11,Реактивация,Реактивация,В2С отказ,нет,,0.00000000,0,0,yandex,cpc,brand,,Blue Team Stepik,B-101,,B-101,Blue Team Stepik,Название сделки,\bblue team stepik\b,high,0
127829,118293,20.11.2025 11:44:49,2025-11,Реактивация,Реактивация,Некачественный лид,да,,0.00000000,0,0,ya,cpc,brand,,ПБХ,R-101,,R-101,Другое,,,low,0
127833,118293,20.11.2025 11:58:34,2025-11,Реактивация,Реактивация,В2С отказ,нет,,0.00000000,0,0,ya,cpc,brand,,Blue Team Stepik,B-101,,B-101,Blue Team Stepik,Название сделки,\bblue team stepik\b,high,0
127915,118355,21.11.2025 00:51:06,2025-11,Реактивация,Реактивация,Некачественный лид,да,,0.00000000,0,0,yandex,vea_poisk,%7Bcampaign_id%7D,%7Bad_id%7D,ПБХ,R-101,,R-101,Другое,,,low,0
127919,118359,21.11.2025 00:59:45,2025-11,Реактивация,Реактивация,Некачественный лид,да,,0.00000000,0,0,yandex,vea_poisk,%7Bcampaign_id%7D,%7Bad_id%7D,ПБХ,R-101,,R-101,Другое,,,low,0
128017,118427,22.11.2025 14:04:32,2025-11,Реактивация,Реактивация,В2С отказ,нет,,0.00000000,0,0,yandex,cpc,brand,,ПБХ,R-101,,R-101,Другое,,,low,0
128113,116391,24.11.2025 14:37:02,2025-11,Реактивация,Реактивация,Некачественный лид,да,,0.00000000,0,0,yandex,%7Bsource_type%7D,%7Bcampaign_id%7D_%7Bgbid%7D,%7Bad_id%7D,ПБХ,R-101,,R-101,Другое,,,low,0
128135,117081,24.11.2025 16:34:05,2025-11,Реактивация,Реактивация,Некачественный лид,да,,0.00000000,0,0,yandex,context,705047736_5679156266,%7Bad_id%7D,ПБХ,R-101,,R-101,Другое,,,low,0
128171,118355,24.11.2025 19:11:02,2025-11,Реактивация,Реактивация,Некачественный лид,да,,0.00000000,0,0,yandex,%7Bsource_type%7D,%7Bcampaign_id%7D_%7Bgbid%7D,%7Bad_id%7D,Blue Team Stepik,B-101,,B-101,Blue Team Stepik,Название сделки,\bblue team stepik\b,high,0
128259,115903,25.11.2025 12:51:09,2025-11,Холодная воронка,Холодная воронка,Некачественный лид,да,,0.00000000,0,0,yandex,{source_type},{campaign_id}_{gbid},{ad_id},Заявка с формы: pentester-new-3-anime — TEST,,,,Другое,,,low,0
128371,118355,26.11.2025 11:56:21,2025-11,Реактивация,Реактивация,Некачественный лид,да,,0.00000000,0,0,yandex,%7Bsource_type%7D,%7Bcampaign_id%7D_%7Bgbid%7D,%7Bad_id%7D,Blue Team Stepik,B-101,,B-101,Blue Team Stepik,Название сделки,\bblue team stepik\b,high,0
128657,118293,29.11.2025 00:47:07,2025-11,Реактивация,Реактивация,Некачественный лид,да,,0.00000000,0,0,ya,cpc,brand,,Blue Team Stepik,B-101,,B-101,Blue Team Stepik,Название сделки,\bblue team stepik\b,high,0
134717,115903,14.01.2026 14:43:16,2026-01,Холодная воронка,Холодная воронка,Некачественный лид,да,,0.00,0,0,yd,{source_type},{campaign_id},{ad_id},Заявка с формы: pentester-new-3-anime — TEST,,,,Другое,,,low,0
136563,124321,26.01.2026 14:40:48,2026-01,Холодная воронка,Холодная воронка,Некачественный лид,да,,0.00,0,0,yd,{source_type},{campaign_id},{ad_id},Заявка с формы: prof-soc-demo — TEST,B301-M0A,,B-301-M0A,Демо Блю,Название сделки,\bprof soc demo\b,high,0
138275,125569,10.02.2026 16:44:16,2026-02,Реактивация,Реактивация,Входящие лиды (нет ответа),нет,,0.00,0,0,yd_prof_soc_demo2,context,vea_b2c_prof_soc_demo2_RSYA_100226_rm261125_RF_LEAD_TILDA|707144217,cid|707144217|gid|5714872293|aid|17596885953|adp|no|dvc|mobile|pid|205714872293|rid|205714872293|did|205714872293|pos|none0|adn|context|crid|0|,SOC Демо,B301-M0A,,B-301-M0A,Другое,,,low,0
138277,125569,10.02.2026 16:55:02,2026-02,Реактивация,Реактивация,Входящие лиды (нет ответа),да,,0.00,0,0,yd_prof_soc_demo2,context,vea_b2c_prof_soc_demo2_RSYA_100226_rm261125_RF_LEAD_TILDA|707144217,cid|707144217|gid|5714872293|aid|17596885953|adp|no|dvc|mobile|pid|205714872293|rid|205714872293|did|205714872293|pos|none0|adn|context|crid|0|,SOC Демо,B301-M0A,,B-301-M0A,Другое,,,low,0
138637,125855,13.02.2026 19:52:22,2026-02,Реактивация,Реактивация,Входящие лиды (нет ответа),да,,0.00,0,0,yd_prof_pentest_demo2,context,vea_b2c_prof_pentest_demo2_RSYA_100226_rm261125_RF_LEAD_TILDA|707144191,cid|707144191|gid|5714871141|aid|17596884724|adp|no|dvc|mobile|pid|205714871141|rid|205714871141|did|205714871141|pos|none0|adn|context|crid|0|,Пентест Демо,R301-M0A,,R-301-M0A,Другое,,,low,0
138723,126631,14.02.2026 15:41:11,2026-02,B2C,B2C,Сделка не заключена,да,,0.00,0,0,yd_prof_pentest_demo2,context,vea_b2c_prof_pentest_demo2_RSYA_100226_rm261125_RF_LEAD_TILDA|707144191,cid|707144191|gid|5714871144|aid|17596884735|adp|no|dvc|mobile|pid|205714871144|rid|205714871144|did|205714871144|pos|none0|adn|context|crid|0|,Пентест Демо,R301-M0A,,R-301-M0A,Другое,,,low,0
138805,126007,14.02.2026 22:01:55,2026-02,Реактивация,Реактивация,Входящие лиды (нет ответа),да,,0.00,0,0,yd_prof_soc_demo2,context,vea_b2c_prof_soc_demo2_RSYA_100226_rm261125_RF_LEAD_TILDA|707144217,cid|707144217|gid|5714872295|aid|17596885957|adp|no|dvc|mobile|pid|205714872295|rid|205714872295|did|205714872295|pos|none0|adn|context|crid|0|,SOC Демо,B301-M0A,,B-301-M0A,Другое,,,low,0
138817,126019,14.02.2026 22:52:44,2026-02,B2C,B2C,Потенциал 01,нет,,0.00,0,0,yd_prof_soc_demo2,context,vea_b2c_prof_soc_demo2_RSYA_100226_rm261125_RF_LEAD_TILDA|707144217,cid|707144217|gid|5714872296|aid|17596885959|adp|no|dvc|mobile|pid|205714872296|rid|205714872296|did|205714872296|pos|none0|adn|context|crid|0|,B-301-6 или B-301-7,B301-M0A,,B-301-M0A,Другое,,,low,0
138819,126021,14.02.2026 22:57:12,2026-02,B2C,B2C,Сделка не заключена,да,,0.00,0,0,yd_prof_pentest_demo2,context,vea_b2c_prof_pentest_demo2_RSYA_100226_rm261125_RF_LEAD_TILDA|707144191,cid|707144191|gid|5714871140|aid|17596884722|adp|no|dvc|mobile|pid|205714871140|rid|205714871140|did|205714871140|pos|none0|adn|context|crid|0|,Пентест Демо,R301-M0A,,R-301-M0A,Другое,,,low,0
138833,118173,15.02.2026 06:31:25,2026-02,B2C,B2C,Сделка не заключена,да,,0.00,0,0,yd_prof_soc_demo2,context,vea_b2c_prof_soc_demo2_RSYA_100226_rm261125_RF_LEAD_TILDA|707144217,cid|707144217|gid|5714872298|aid|17596885965|adp|no|dvc|mobile|pid|205714872298|rid|205714872298|did|205714872298|pos|none0|adn|context|crid|0|,SOC Демо,B301-M0A,,B-301-M0A,Другое,,,low,0
138881,126081,15.02.2026 18:10:46,2026-02,Реактивация,Реактивация,Входящие лиды (нет ответа),да,,0.00,0,0,yd_prof_pentest_demo,context,vea_b2c_prof_pentest_demo_RSYA_100226_rm261125_RF_LEAD_TILDA|707144207,cid|707144207|gid|5714871225|aid|17596885378|adp|no|dvc|mobile|pid|205714871225|rid|205714871225|did|205714871225|pos|none0|adn|context|crid|0|,Пентест Демо,R301-M0A,,R-301-M0A,Демо Ред,UTM Campaign,\bprof pentest demo\b,medium,0
138901,126101,15.02.2026 20:13:15,2026-02,Реактивация,Реактивация,Входящие лиды (нет ответа),да,,0.00,0,0,yd_prof_pentest_demo2,context,vea_b2c_prof_pentest_demo2_RSYA_100226_rm261125_RF_LEAD_TILDA|707144191,cid|707144191|gid|5714871145|aid|17596884737|adp|no|dvc|mobile|pid|205714871145|rid|205714871145|did|205714871145|pos|none0|adn|context|crid|0|,Пентест Демо,R301-M0A,,R-301-M0A,Другое,,,low,0
138931,126133,16.02.2026 06:38:25,2026-02,Холодная воронка,Холодная воронка,Некачественный лид,да,,0.00,0,0,yd_prof_pentest_demo,context,vea_b2c_prof_pentest_demo_RSYA_100226_rm261125_RF_LEAD_TILDA|707144207,cid|707144207|gid|5714871225|aid|17596885378|adp|no|dvc|mobile|pid|205714871225|rid|205714871225|did|205714871225|pos|none0|adn|context|crid|0|,Пентест Демо,R301-M0A,,R-301-M0A,Демо Ред,UTM Campaign,\bprof pentest demo\b,medium,0
139081,56255,16.02.2026 14:08:01,2026-02,B2C,B2C,Потенциал 01,нет,,0.00,0,0,yd_prof_soc_demo2,context,vea_b2c_prof_soc_demo2_RSYA_100226_rm261125_RF_LEAD_TILDA|707144217,cid|707144217|gid|5714872297|aid|17596885962|adp|no|dvc|mobile|pid|205714872297|rid|205714872297|did|205714872297|pos|none0|adn|context|crid|0|,SOC Демо,B301-M0A,,B-301-M0A,Другое,,,low,0
139297,126483,16.02.2026 22:11:54,2026-02,Реактивация,Реактивация,В2С отказ,нет,,0.00,0,0,yd_prof_soc_demo2,context,vea_b2c_prof_soc_demo2_RSYA_100226_rm261125_RF_LEAD_TILDA|707144217,cid|707144217|gid|5714872295|aid|17596885956|adp|no|dvc|mobile|pid|205714872295|rid|205714872295|did|205714872295|pos|none0|adn|context|crid|0|,SOC Демо,B301-M0A,,B-301-M0A,Другое,,,low,0
139381,126565,17.02.2026 11:23:58,2026-02,Реактивация,Реактивация,Входящие лиды (нет ответа),да,,0.00,0,0,yd_prof_pentest_demo2,context,vea_b2c_prof_pentest_demo2_RSYA_100226_rm261125_RF_LEAD_TILDA|707144191,cid|707144191|gid|5714871140|aid|17596884722|adp|no|dvc|mobile|pid|205714871140|rid|205714871140|did|205714871140|pos|none0|adn|context|crid|0|,Пентест Демо,R301-M0A,,R-301-M0A,Другое,,,low,0
139475,126637,17.02.2026 17:23:25,2026-02,Реактивация,Реактивация,Входящие лиды (нет ответа),да,,0.00,0,0,yd_prof_pentest_demo,context,vea_b2c_prof_pentest_demo_RSYA_100226_rm261125_RF_LEAD_TILDA|707144207,cid|707144207|gid|5714871225|aid|17596885378|adp|no|dvc|mobile|pid|205714871225|rid|205714871225|did|205714871225|pos|none0|adn|context|crid|0|,Пентест Демо,R301-M0A,,R-301-M0A,Демо Ред,UTM Campaign,\bprof pentest demo\b,medium,0
139517,126667,17.02.2026 20:00:44,2026-02,Реактивация,Реактивация,Входящие лиды (нет ответа),да,,0.00,0,0,yd_prof_pentest_demo,context,vea_b2c_prof_pentest_demo_RSYA_100226_rm261125_RF_LEAD_TILDA|707144207,cid|707144207|gid|5714871225|aid|17596885378|adp|no|dvc|mobile|pid|205714871225|rid|205714871225|did|205714871225|pos|none0|adn|context|crid|0|,Пентест Демо,R301-M0A,,R-301-M0A,Демо Ред,UTM Campaign,\bprof pentest demo\b,medium,0
139523,126673,17.02.2026 20:09:53,2026-02,Реактивация,Реактивация,Входящие лиды (нет ответа),да,,0.00,0,0,yd_prof_pentest_demo2,context,vea_b2c_prof_pentest_demo2_RSYA_100226_rm261125_RF_LEAD_TILDA|707144191,cid|707144191|gid|5714871144|aid|17596884735|adp|no|dvc|mobile|pid|205714871144|rid|205714871144|did|205714871144|pos|none0|adn|context|crid|0|,Пентест Демо,R301-M0A,,R-301-M0A,Другое,,,low,0
139557,126703,17.02.2026 23:21:32,2026-02,B2C,B2C,Потенциал 01,нет,,0.00,0,0,yd_prof_soc_demo2,context,|707144217,cid|707144217|gid|5714872295|aid|72057611634813893|adp|no|dvc|desktop|pid||rid||did||pos|none0|adn|context|crid||,SOC Демо,B301-M0A,,B-301-M0A,Другое,,,low,0
139573,126717,18.02.2026 01:21:06,2026-02,Реактивация,Реактивация,Входящие лиды (нет ответа),да,,0.00,0,0,yd_prof_pentest_demo2,context,vea_b2c_prof_pentest_demo2_RSYA_100226_rm261125_RF_LEAD_TILDA|707144191,cid|707144191|gid|5714871141|aid|17596884726|adp|no|dvc|mobile|pid|205714871141|rid|205714871141|did|205714871141|pos|none0|adn|context|crid|0|,Пентест Демо,R301-M0A,,R-301-M0A,Другое,,,low,0
139585,126729,18.02.2026 05:10:52,2026-02,B2C,B2C,Потенциал 01,нет,,0.00,0,0,yd_prof_soc_demo2,context,vea_b2c_prof_soc_demo2_RSYA_100226_rm261125_RF_LEAD_TILDA|707144217,cid|707144217|gid|5714872295|aid|17596885956|adp|no|dvc|mobile|pid|205714872295|rid|205714872295|did|205714872295|pos|none0|adn|context|crid|0|,SOC Демо,B301-M0A,,B-301-M0A,Другое,,,low,0
139795,126921,18.02.2026 17:12:24,2026-02,Холодная воронка,Холодная воронка,Некачественный лид,да,,0.00,0,0,yd_prof_pentest_demo,context,vea_b2c_prof_pentest_demo_RSYA_100226_rm261125_RF_LEAD_TILDA|707144207,cid|707144207|gid|5714871225|aid|17596885378|adp|no|dvc|mobile|pid|205714871225|rid|205714871225|did|205714871225|pos|none0|adn|context|crid|0|,Пентест Демо,R301-M0A,,R-301-M0A,Демо Ред,UTM Campaign,\bprof pentest demo\b,medium,0
139907,127025,18.02.2026 20:35:29,2026-02,Холодная воронка,Холодная воронка,Некачественный лид,да,,0.00,0,0,yd_prof_pentest_demo,context,vea_b2c_prof_pentest_demo_RSYA_100226_rm261125_RF_LEAD_TILDA|707144207,cid|707144207|gid|5714871225|aid|17596885378|adp|no|dvc|mobile|pid|205714871225|rid|205714871225|did|205714871225|pos|none0|adn|context|crid|0|,Пентест Демо,R301-M0A,,R-301-M0A,Демо Ред,UTM Campaign,\bprof pentest demo\b,medium,0
139925,127041,18.02.2026 21:28:25,2026-02,B2C,B2C,Сделка не заключена,да,,0.00,0,0,yd_prof_pentest_demo2,context,vea_b2c_prof_pentest_demo2_RSYA_100226_rm261125_RF_LEAD_TILDA|707144191,cid|707144191|gid|5714871143|aid|17596884732|adp|no|dvc|mobile|pid|205714871143|rid|205714871143|did|205714871143|pos|none0|adn|context|crid|0|,Пентест Демо,R301-M0A,,R-301-M0A,Другое,,,low,0
139929,127045,18.02.2026 21:39:48,2026-02,Холодная воронка,Холодная воронка,Некачественный лид,да,,0.00,0,0,yd_prof_pentest_demo,context,vea_b2c_prof_pentest_demo_RSYA_100226_rm261125_RF_LEAD_TILDA|707144207,cid|707144207|gid|5714871225|aid|17596885378|adp|no|dvc|mobile|pid|205714871225|rid|205714871225|did|205714871225|pos|none0|adn|context|crid|0|,Пентест Демо,R301-M0A,,R-301-M0A,Демо Ред,UTM Campaign,\bprof pentest demo\b,medium,0
139931,127047,18.02.2026 21:48:45,2026-02,Холодная воронка,Холодная воронка,Некачественный лид,да,,0.00,0,0,yd_prof_pentest_demo2,context,vea_b2c_prof_pentest_demo2_RSYA_100226_rm261125_RF_LEAD_TILDA|707144191,cid|707144191|gid|5714871145|aid|17596884738|adp|no|dvc|mobile|pid|205714871145|rid|205714871145|did|205714871145|pos|none0|adn|context|crid|0|,Пентест Демо,R301-M0A,,R-301-M0A,Другое,,,low,0
139969,127083,18.02.2026 23:57:22,2026-02,Реактивация,Реактивация,Входящие лиды (нет ответа),да,,0.00,0,0,yd_prof_pentest_demo,context,vea_b2c_prof_pentest_demo_RSYA_100226_rm261125_RF_LEAD_TILDA|707144207,cid|707144207|gid|5714871225|aid|17596885378|adp|no|dvc|mobile|pid|205714871225|rid|205714871225|did|205714871225|pos|none0|adn|context|crid|0|,Пентест Демо,R301-M0A,,R-301-M0A,Демо Ред,UTM Campaign,\bprof pentest demo\b,medium,0
139981,127095,19.02.2026 03:32:45,2026-02,Реактивация,Реактивация,Входящие лиды (нет ответа),да,,0.00,0,0,yd_prof_soc_demo2,context,vea_b2c_prof_soc_demo2_RSYA_100226_rm261125_RF_LEAD_TILDA|707144217,cid|707144217|gid|5714872297|aid|17596885962|adp|no|dvc|mobile|pid|205714872297|rid|205714872297|did|205714872297|pos|none0|adn|context|crid|0|,SOC Демо,B301-M0A,,B-301-M0A,Другое,,,low,0
139987,127101,19.02.2026 05:41:14,2026-02,Реактивация,Реактивация,Входящие лиды (нет ответа),да,,0.00,0,0,yd_prof_pentest_demo2,context,vea_b2c_prof_pentest_demo2_RSYA_100226_rm261125_RF_LEAD_TILDA|707144191,cid|707144191|gid|5714871146|aid|17596884740|adp|no|dvc|desktop|pid|205714871146|rid|205714871146|did|205714871146|pos|none0|adn|context|crid|0|,Пентест Демо,R301-M0A,,R-301-M0A,Другое,,,low,0
139989,127209,19.02.2026 07:01:51,2026-02,B2C,B2C,Сделка не заключена,да,,0.00,0,0,yd_prof_pentest_demo2,context,vea_b2c_prof_pentest_demo2_RSYA_100226_rm261125_RF_LEAD_TILDA|707144191,cid|707144191|gid|5714871141|aid|17596884726|adp|no|dvc|mobile|pid|205714871141|rid|205714871141|did|205714871141|pos|none0|adn|context|crid|0|,Пентест Демо,R301-M0A,,R-301-M0A,Другое,,,low,0
139993,120201,19.02.2026 07:28:23,2026-02,Холодная воронка,Холодная воронка,Некачественный лид,да,,0.00,0,0,yd_prof_soc_demo2,context,vea_b2c_prof_soc_demo2_RSYA_100226_rm261125_RF_LEAD_TILDA|707144217,cid|707144217|gid|5714872296|aid|17596885960|adp|no|dvc|smart_tv|pid|205714872296|rid|205714872296|did|205714872296|pos|none0|adn|context|crid|0|,SOC Демо,B301-M0A,,B-301-M0A,Другое,,,low,0
140047,9663,19.02.2026 13:28:38,2026-02,B2C,B2C,Сделка не заключена,да,,0.00,0,0,yd_prof_pentest_demo2,context,vea_b2c_prof_pentest_demo2_RSYA_100226_rm261125_RF_LEAD_TILDA|707144191,cid|707144191|gid|5714871145|aid|17596884738|adp|no|dvc|desktop|pid|205714871145|rid|205714871145|did|205714871145|pos|none0|adn|context|crid|0|,Пентест Демо,R301-M0A,,R-301-M0A,Другое,,,low,0
140073,127173,19.02.2026 15:48:33,2026-02,Реактивация,Реактивация,Входящие лиды (нет ответа),да,,0.00,0,0,yd_prof_pentest_demo2,context,vea_b2c_prof_pentest_demo2_RSYA_100226_rm261125_RF_LEAD_TILDA|707144191,cid|707144191|gid|5714871145|aid|17596884738|adp|no|dvc|mobile|pid|205714871145|rid|205714871145|did|205714871145|pos|none0|adn|context|crid|0|,Пентест Демо,R301-M0A,,R-301-M0A,Другое,,,low,0
140093,127191,19.02.2026 17:36:09,2026-02,Реактивация,Реактивация,Входящие лиды (нет ответа),да,,0.00,0,0,yd_prof_pentest_demo2,context,vea_b2c_prof_pentest_demo2_RSYA_100226_rm261125_RF_LEAD_TILDA|707144191,cid|707144191|gid|5714871145|aid|17596884738|adp|no|dvc|mobile|pid|205714871145|rid|205714871145|did|205714871145|pos|none0|adn|context|crid|0|,Пентест Демо,R301-M0A,,R-301-M0A,Другое,,,low,0
140105,127197,19.02.2026 18:29:53,2026-02,Холодная воронка,Холодная воронка,Некачественный лид,да,,0.00,0,0,yd_prof_soc_demo2,context,vea_b2c_prof_soc_demo2_RSYA_100226_rm261125_RF_LEAD_TILDA|707144217,cid|707144217|gid|5714872298|aid|17596885965|adp|no|dvc|mobile|pid|205714872298|rid|205714872298|did|205714872298|pos|none0|adn|context|crid|0|,SOC Демо,B301-M0A,,B-301-M0A,Другое,,,low,0
140109,43673,19.02.2026 18:44:00,2026-02,B2C,B2C,Сделка не заключена,да,,0.00,0,0,yd_prof_soc_demo2,context,vea_b2c_prof_soc_demo2_RSYA_100226_rm261125_RF_LEAD_TILDA|707144217,cid|707144217|gid|5714872298|aid|17596885965|adp|no|dvc|desktop|pid|205714872298|rid|205714872298|did|205714872298|pos|none0|adn|context|crid|0|,SOC Демо,B301-M0A,,B-301-M0A,Другое,,,low,0
140113,120529,19.02.2026 19:15:03,2026-02,B2C,B2C,Потенциал 01,нет,,0.00,0,0,yd_prof_pentest_demo2,context,vea_b2c_prof_pentest_demo2_RSYA_100226_rm261125_RF_LEAD_TILDA|707144191,cid|707144191|gid|5714871143|aid|17596884732|adp|no|dvc|mobile|pid|205714871143|rid|205714871143|did|205714871143|pos|none0|adn|context|crid|0|,Пентест Демо,R301-M0A,,R-301-M0A,Другое,,,low,0
140115,127203,19.02.2026 19:17:38,2026-02,Реактивация,Реактивация,Входящие лиды (нет ответа),да,,0.00,0,0,yd_prof_pentest_demo,context,vea_b2c_prof_pentest_demo_RSYA_100226_rm261125_RF_LEAD_TILDA|707144207,cid|707144207|gid|5714871225|aid|17596885378|adp|no|dvc|mobile|pid|205714871225|rid|205714871225|did|205714871225|pos|none0|adn|context|crid|0|,Пентест Демо,R301-M0A,,R-301-M0A,Демо Ред,UTM Campaign,\bprof pentest demo\b,medium,0
140193,127275,19.02.2026 22:40:07,2026-02,Реактивация,Реактивация,Входящие лиды (нет ответа),да,,0.00,0,0,yd_prof_pentest_demo,context,vea_b2c_prof_pentest_demo_RSYA_100226_rm261125_RF_LEAD_TILDA|707144207,cid|707144207|gid|5714871225|aid|17596885378|adp|no|dvc|mobile|pid|205714871225|rid|205714871225|did|205714871225|pos|none0|adn|context|crid|0|,Пентест Демо,R301-M0A,,R-301-M0A,Демо Ред,UTM Campaign,\bprof pentest demo\b,medium,0
140237,127319,20.02.2026 01:23:29,2026-02,Реактивация,Реактивация,Входящие лиды (нет ответа),да,,0.00,0,0,yd_prof_pentest_demo,context,vea_b2c_prof_pentest_demo_RSYA_100226_rm261125_RF_LEAD_TILDA|707144207,cid|707144207|gid|5714871225|aid|17596885378|adp|no|dvc|mobile|pid|205714871225|rid|205714871225|did|205714871225|pos|none0|adn|context|crid|0|,Пентест Демо,R301-M0A,,R-301-M0A,Демо Ред,UTM Campaign,\bprof pentest demo\b,medium,0
140239,127321,20.02.2026 03:28:21,2026-02,B2C,B2C,Сделка не заключена,да,,0.00,0,0,yd_prof_pentest_demo2,context,vea_b2c_prof_pentest_demo2_RSYA_100226_rm261125_RF_LEAD_TILDA|707144191,cid|707144191|gid|5714871143|aid|17596884732|adp|no|dvc|desktop|pid|56547528349|rid|56547528349|did|56547528349|pos|none0|adn|context|crid|0|,Пентест Демо,R301-M0A,,R-301-M0A,Другое,,,low,0
140247,127327,20.02.2026 08:07:17,2026-02,Реактивация,Реактивация,Входящие лиды (нет ответа),да,,0.00,0,0,yd_prof_pentest_demo,context,vea_b2c_prof_pentest_demo_RSYA_100226_rm261125_RF_LEAD_TILDA|707144207,cid|707144207|gid|5714871225|aid|17596885378|adp|no|dvc|mobile|pid|205714871225|rid|205714871225|did|205714871225|pos|none0|adn|context|crid|0|,Пентест Демо,R301-M0A,,R-301-M0A,Демо Ред,UTM Campaign,\bprof pentest demo\b,medium,0
140263,127341,20.02.2026 12:03:57,2026-02,Реактивация,Реактивация,Входящие лиды (нет ответа),да,,0.00,0,0,yd_prof_pentest_demo,context,vea_b2c_prof_pentest_demo_RSYA_100226_rm261125_RF_LEAD_TILDA|707144207,cid|707144207|gid|5714871225|aid|17596885378|adp|no|dvc|mobile|pid|205714871225|rid|205714871225|did|205714871225|pos|none0|adn|context|crid|0|,Пентест Демо,R301-M0A,,R-301-M0A,Демо Ред,UTM Campaign,\bprof pentest demo\b,medium,0
140271,127349,20.02.2026 13:47:21,2026-02,Реактивация,Реактивация,Входящие лиды (нет ответа),да,,0.00,0,0,yd_prof_pentest_demo2,context,vea_b2c_prof_pentest_demo2_RSYA_100226_rm261125_RF_LEAD_TILDA|707144191,cid|707144191|gid|5714871143|aid|17596884732|adp|no|dvc|mobile|pid|205714871143|rid|205714871143|did|205714871143|pos|none0|adn|context|crid|0|,Пентест Демо,R301-M0A,,R-301-M0A,Другое,,,low,0
140311,127373,20.02.2026 20:01:34,2026-02,Холодная воронка,Холодная воронка,Некачественный лид,да,,0.00,0,0,yd_prof_pentest_demo,context,vea_b2c_prof_pentest_demo_RSYA_100226_rm261125_RF_LEAD_TILDA|707144207,cid|707144207|gid|5714871225|aid|17596885378|adp|no|dvc|mobile|pid|205714871225|rid|205714871225|did|205714871225|pos|none0|adn|context|crid|0|,Пентест Демо,R301-M0A,,R-301-M0A,Демо Ред,UTM Campaign,\bprof pentest demo\b,medium,0
140341,127403,21.02.2026 17:03:51,2026-02,Холодная воронка,Холодная воронка,Некачественный лид,да,,0.00,0,0,yd_prof_pentest_demo,context,vea_b2c_prof_pentest_demo_RSYA_100226_rm261125_RF_LEAD_TILDA|707144207,cid|707144207|gid|5714871225|aid|17596885378|adp|no|dvc|mobile|pid|205714871225|rid|205714871225|did|205714871225|pos|none0|adn|context|crid|0|,Пентест Демо,R301-M0A,,R-301-M0A,Демо Ред,UTM Campaign,\bprof pentest demo\b,medium,0
140345,127405,21.02.2026 19:39:46,2026-02,Реактивация,Реактивация,Входящие лиды (нет ответа),да,,0.00,0,0,yd_prof_soc_demo2,context,vea_b2c_prof_soc_demo2_RSYA_100226_rm261125_RF_LEAD_TILDA|707144217,cid|707144217|gid|5714872295|aid|17596885956|adp|no|dvc|mobile|pid|205714872295|rid|205714872295|did|205714872295|pos|none0|adn|context|crid|0|,SOC Демо,B301-M0A,,B-301-M0A,Другое,,,low,0
140357,127423,21.02.2026 22:15:06,2026-02,Холодная воронка,Холодная воронка,Некачественный лид,да,,0.00,0,0,yd_prof_pentest_demo,context,vea_b2c_prof_pentest_demo_RSYA_100226_rm261125_RF_LEAD_TILDA|707144207,cid|707144207|gid|5714871225|aid|17596885378|adp|no|dvc|mobile|pid|205714871225|rid|205714871225|did|205714871225|pos|none0|adn|context|crid|0|,Пентест Демо,R301-M0A,,R-301-M0A,Демо Ред,UTM Campaign,\bprof pentest demo\b,medium,0
140361,127427,22.02.2026 00:56:22,2026-02,B2C,B2C,Сделка не заключена,да,,0.00,0,0,yd_prof_soc_demo2,context,vea_b2c_prof_soc_demo2_RSYA_100226_rm261125_RF_LEAD_TILDA|707144217,cid|707144217|gid|5714872298|aid|17596885965|adp|no|dvc|mobile|pid|205714872298|rid|205714872298|did|205714872298|pos|none0|adn|context|crid|0|,SOC Демо,B301-M0A,,B-301-M0A,Другое,,,low,0
140363,127429,22.02.2026 01:15:25,2026-02,Холодная воронка,Холодная воронка,Некачественный лид,да,,0.00,0,0,yd_prof_pentest_demo,context,vea_b2c_prof_pentest_demo_RSYA_100226_rm261125_RF_LEAD_TILDA|707144207,cid|707144207|gid|5714871225|aid|17596885378|adp|no|dvc|mobile|pid|205714871225|rid|205714871225|did|205714871225|pos|none0|adn|context|crid|0|,Пентест Демо,R301-M0A,,R-301-M0A,Демо Ред,UTM Campaign,\bprof pentest demo\b,medium,0
140365,127431,22.02.2026 06:18:00,2026-02,Реактивация,Реактивация,Входящие лиды (нет ответа),да,,0.00,0,0,yd_prof_pentest_demo2,context,vea_b2c_prof_pentest_demo2_RSYA_100226_rm261125_RF_LEAD_TILDA|707144191,cid|707144191|gid|5714871143|aid|17596884732|adp|no|dvc|mobile|pid|205714871143|rid|205714871143|did|205714871143|pos|none0|adn|context|crid|0|,Пентест Демо,R301-M0A,,R-301-M0A,Другое,,,low,0
140369,127433,22.02.2026 09:36:16,2026-02,B2C,B2C,Взято в работу,нет,,0.00,0,0,yd_prof_pentest_demo2,context,vea_b2c_prof_pentest_demo2_RSYA_100226_rm261125_RF_LEAD_TILDA|707144191,cid|707144191|gid|5714871145|aid|17596884738|adp|no|dvc|mobile|pid|205714871145|rid|205714871145|did|205714871145|pos|none0|adn|context|crid|0|,Пентест Демо,R301-M0A,,R-301-M0A,Другое,,,low,0
140371,123485,22.02.2026 12:06:40,2026-02,Реактивация,Реактивация,Входящие лиды (нет ответа),да,,0.00,0,0,yd_prof_soc_demo2,context,vea_b2c_prof_soc_demo2_RSYA_100226_rm261125_RF_LEAD_TILDA|707144217,cid|707144217|gid|5714872296|aid|17596885960|adp|no|dvc|desktop|pid|205714872296|rid|205714872296|did|205714872296|pos|none0|adn|context|crid|0|,SOC Демо,B301-M0A,,B-301-M0A,Другое,,,low,0
140375,127441,22.02.2026 13:47:20,2026-02,Холодная воронка,Холодная воронка,Некачественный лид,да,,0.00,0,0,yd_prof_pentest_demo2,context,vea_b2c_prof_pentest_demo2_RSYA_100226_rm261125_RF_LEAD_TILDA|707144191,cid|707144191|gid|5714871145|aid|17596884738|adp|no|dvc|mobile|pid|205714871145|rid|205714871145|did|205714871145|pos|none0|adn|context|crid|0|,Пентест Демо,R301-M0A,,R-301-M0A,Другое,,,low,0
140377,127443,22.02.2026 14:51:59,2026-02,Реактивация,Реактивация,Входящие лиды (нет ответа),да,,0.00,0,0,yd_prof_pentest_demo2,context,vea_b2c_prof_pentest_demo2_RSYA_100226_rm261125_RF_LEAD_TILDA|707144191,cid|707144191|gid|5714871142|aid|17596884728|adp|no|dvc|mobile|pid|205714871142|rid|205714871142|did|205714871142|pos|none0|adn|context|crid|0|,Пентест Демо,R301-M0A,,R-301-M0A,Другое,,,low,0
140379,127447,22.02.2026 15:36:32,2026-02,Холодная воронка,Холодная воронка,Некачественный лид,да,,0.00,0,0,yd_prof_pentest_demo,context,vea_b2c_prof_pentest_demo_RSYA_100226_rm261125_RF_LEAD_TILDA|707144207,cid|707144207|gid|5714871225|aid|17596885378|adp|no|dvc|mobile|pid|205714871225|rid|205714871225|did|205714871225|pos|none0|adn|context|crid|0|,Пентест Демо,R301-M0A,,R-301-M0A,Демо Ред,UTM Campaign,\bprof pentest demo\b,medium,0
140387,127455,22.02.2026 18:00:11,2026-02,Холодная воронка,Холодная воронка,Некачественный лид,да,,0.00,0,0,yd_prof_pentest_demo2,context,vea_b2c_prof_pentest_demo2_RSYA_100226_rm261125_RF_LEAD_TILDA|707144191,cid|707144191|gid|5714871140|aid|17596884722|adp|no|dvc|mobile|pid|205714871140|rid|205714871140|did|205714871140|pos|none0|adn|context|crid|0|,Пентест Демо,R301-M0A,,R-301-M0A,Другое,,,low,0
140389,127471,22.02.2026 18:23:08,2026-02,Холодная воронка,Холодная воронка,Некачественный лид,да,,0.00,0,0,yd_prof_soc_demo2,context,vea_b2c_prof_soc_demo2_RSYA_100226_rm261125_RF_LEAD_TILDA|707144217,cid|707144217|gid|5714872295|aid|17596885956|adp|no|dvc|mobile|pid|205714872295|rid|205714872295|did|205714872295|pos|none0|adn|context|crid|0|,SOC Демо,B301-M0A,,B-301-M0A,Другое,,,low,0
140391,127459,22.02.2026 19:01:32,2026-02,Холодная воронка,Холодная воронка,Некачественный лид,да,,0.00,0,0,yd_prof_pentest_demo,context,vea_b2c_prof_pentest_demo_RSYA_100226_rm261125_RF_LEAD_TILDA|707144207,cid|707144207|gid|5714871225|aid|17596885378|adp|no|dvc|mobile|pid|205714871225|rid|205714871225|did|205714871225|pos|none0|adn|context|crid|0|,Пентест Демо,R301-M0A,,R-301-M0A,Демо Ред,UTM Campaign,\bprof pentest demo\b,medium,0
140403,127469,22.02.2026 22:06:06,2026-02,B2C,B2C,Сделка не заключена,да,,0.00,0,0,yd_prof_soc_demo2,context,vea_b2c_prof_soc_demo2_RSYA_100226_rm261125_RF_LEAD_TILDA|707144217,cid|707144217|gid|5714872295|aid|17596885956|adp|no|dvc|mobile|pid|205714872295|rid|205714872295|did|205714872295|pos|none0|adn|context|crid|777|,SOC Демо,B301-M0A,,B-301-M0A,Другое,,,low,0
140405,127471,23.02.2026 02:09:47,2026-02,Реактивация,Реактивация,Входящие лиды (нет ответа),да,,0.00,0,0,yd_prof_pentest_demo,context,vea_b2c_prof_pentest_demo_RSYA_100226_rm261125_RF_LEAD_TILDA|707144207,cid|707144207|gid|5714871225|aid|17596885378|adp|no|dvc|mobile|pid|205714871225|rid|205714871225|did|205714871225|pos|none0|adn|context|crid|0|,Пентест Демо,R301-M0A,,R-301-M0A,Демо Ред,UTM Campaign,\bprof pentest demo\b,medium,0
140407,127473,23.02.2026 02:15:59,2026-02,Реактивация,Реактивация,Входящие лиды (нет ответа),да,,0.00,0,0,yd_prof_pentest_demo2,context,vea_b2c_prof_pentest_demo2_RSYA_100226_rm261125_RF_LEAD_TILDA|707144191,cid|707144191|gid|5714871145|aid|17596884737|adp|no|dvc|mobile|pid|205714871145|rid|205714871145|did|205714871145|pos|none0|adn|context|crid|0|,Пентест Демо,R301-M0A,,R-301-M0A,Другое,,,low,0
140409,127475,23.02.2026 10:14:19,2026-02,Холодная воронка,Холодная воронка,Некачественный лид,да,,0.00,0,0,yd_prof_pentest_demo,context,vea_b2c_prof_pentest_demo_RSYA_100226_rm261125_RF_LEAD_TILDA|707144207,cid|707144207|gid|5714871225|aid|17596885378|adp|no|dvc|mobile|pid|205714871225|rid|205714871225|did|205714871225|pos|none0|adn|context|crid|0|,Пентест Демо,R301-M0A,,R-301-M0A,Демо Ред,UTM Campaign,\bprof pentest demo\b,medium,0
140413,127479,23.02.2026 10:41:32,2026-02,Холодная воронка,Холодная воронка,Некачественный лид,да,,0.00,0,0,yd_prof_pentest_demo2,context,vea_b2c_prof_pentest_demo2_RSYA_100226_rm261125_RF_LEAD_TILDA|707144191,cid|707144191|gid|5714871142|aid|17596884728|adp|no|dvc|tablet|pid|205714871142|rid|205714871142|did|205714871142|pos|none0|adn|context|crid|0|,Пентест Демо,R301-M0A,,R-301-M0A,Другое,,,low,0
140429,127493,23.02.2026 22:58:34,2026-02,Реактивация,Реактивация,Входящие лиды (нет ответа),да,,0.00,0,0,yd_prof_pentest_demo,context,vea_b2c_prof_pentest_demo_RSYA_100226_rm261125_RF_LEAD_TILDA|707144207,cid|707144207|gid|5714871225|aid|17596885378|adp|no|dvc|mobile|pid|205714871225|rid|205714871225|did|205714871225|pos|none0|adn|context|crid|0|,Пентест Демо,R301-M0A,,R-301-M0A,Демо Ред,UTM Campaign,\bprof pentest demo\b,medium,0
140431,127495,23.02.2026 23:44:18,2026-02,B2C,B2C,Сделка не заключена,да,,0.00,0,0,yd_prof_pentest_demo2,context,vea_b2c_prof_pentest_demo2_RSYA_100226_rm261125_RF_LEAD_TILDA|707144191,cid|707144191|gid|5714871141|aid|17596884725|adp|no|dvc|mobile|pid|205714871141|rid|205714871141|did|205714871141|pos|none0|adn|context|crid|0|,Пентест Демо,R301-M0A,,R-301-M0A,Другое,,,low,0
140465,119581,24.02.2026 13:18:53,2026-02,Холодная воронка,Холодная воронка,Некачественный лид,да,,0.00,0,0,yd_prof_pentest_demo2,context,vea_b2c_prof_pentest_demo2_RSYA_100226_rm261125_RF_LEAD_TILDA|707144191,cid|707144191|gid|5714871142|aid|17596884728|adp|no|dvc|mobile|pid|205714871142|rid|205714871142|did|205714871142|pos|none0|adn|context|crid|0|,Пентест Демо,R301-M0A,,R-301-M0A,Другое,,,low,0
140483,119581,24.02.2026 14:53:12,2026-02,Холодная воронка,Холодная воронка,Некачественный лид,да,,0.00,0,0,yd_prof_pentest_demo2,context,vea_b2c_prof_pentest_demo2_RSYA_100226_rm261125_RF_LEAD_TILDA|707144191,cid|707144191|gid|5714871141|aid|17596884725|adp|no|dvc|mobile|pid|205714871141|rid|205714871141|did|205714871141|pos|none0|adn|context|crid|0|,Пентест Демо,R301-M0A,,R-301-M0A,Другое,,,low,0
140505,2991,24.02.2026 18:31:50,2026-02,Холодная воронка,Холодная воронка,Некачественный лид,да,,0.00,0,0,yd_prof_pentest_demo2,context,vea_b2c_prof_pentest_demo2_RSYA_100226_rm261125_RF_LEAD_TILDA|707144191,cid|707144191|gid|5714871142|aid|17596884728|adp|no|dvc|mobile|pid|205714871142|rid|205714871142|did|205714871142|pos|none0|adn|context|crid|0|,Пентест Демо,R301-M0A,,R-301-M0A,Другое,,,low,0
140509,127681,24.02.2026 18:53:32,2026-02,Реактивация,Реактивация,Входящие лиды (нет ответа),да,,0.00,0,0,yd_prof_pentest_demo2,context,vea_b2c_prof_pentest_demo2_RSYA_100226_rm261125_RF_LEAD_TILDA|707144191,cid|707144191|gid|5714871141|aid|17596884725|adp|no|dvc|mobile|pid|205714871141|rid|205714871141|did|205714871141|pos|none0|adn|context|crid|0|,Пентест Демо,R301-M0A,,R-301-M0A,Другое,,,low,0
140517,119159,24.02.2026 21:05:45,2026-02,B2C,B2C,Потенциал 01,нет,,0.00,0,0,yd_prof_pentest_demo2,context,vea_b2c_prof_pentest_demo2_RSYA_100226_rm261125_RF_LEAD_TILDA|707144191,cid|707144191|gid|5714871145|aid|17596884738|adp|no|dvc|desktop|pid|205714871145|rid|205714871145|did|205714871145|pos|none0|adn|context|crid|0|,Пентест Демо,R301-M0A,,R-301-M0A,Другое,,,low,0
140529,127569,25.02.2026 01:28:35,2026-02,B2C,B2C,Потенциал 01,нет,,0.00,0,0,yd_prof_pentest_demo2,context,vea_b2c_prof_pentest_demo2_RSYA_100226_rm261125_RF_LEAD_TILDA|707144191,cid|707144191|gid|5714871143|aid|17596884732|adp|no|dvc|desktop|pid|205714871143|rid|205714871143|did|205714871143|pos|none0|adn|context|crid|777|,Пентест Демо,R301-M0A,,R-301-M0A,Другое,,,low,0
140561,127591,25.02.2026 11:52:33,2026-02,B2B,B2B,Потенциал 01,нет,,175446.00,0,0,yd_prof_pentest_demo2,context,vea_b2c_prof_pentest_demo2_RSYA_100226_rm261125_RF_LEAD_TILDA|707144191,cid|707144191|gid|5714871145|aid|17596884738|adp|no|dvc|desktop|pid|56547528456|rid|56547528456|did|56547528456|pos|none0|adn|context|crid|0|,Пентест Демо / Никита Клоков / АО АВТОВАЗ скидка?,R301-M0A,,R-301-M0A,Другое,,,low,0
140581,127599,25.02.2026 13:00:27,2026-02,B2C,B2C,Потенциал 01,нет,,0.00,0,0,yd_prof_pentest_demo2,context,vea_b2c_prof_pentest_demo2_RSYA_100226_rm261125_RF_LEAD_TILDA|707144191,cid|707144191|gid|5714871145|aid|17596884738|adp|no|dvc|desktop|pid|205714871145|rid|205714871145|did|205714871145|pos|none0|adn|context|crid|0|,Пентест Демо,R301-M0A,,R-301-M0A,Другое,,,low,0
140613,127619,25.02.2026 16:20:57,2026-02,Реактивация,Реактивация,Входящие лиды (нет ответа),да,,0.00,0,0,yd_prof_pentest_demo,context,vea_b2c_prof_pentest_demo_RSYA_100226_rm261125_RF_LEAD_TILDA|707144207,cid|707144207|gid|5714871225|aid|17596885378|adp|no|dvc|mobile|pid|205714871225|rid|205714871225|did|205714871225|pos|none0|adn|context|crid|0|,Пентест Демо,R301-M0A,,R-301-M0A,Демо Ред,UTM Campaign,\bprof pentest demo\b,medium,0
140623,127629,25.02.2026 18:28:49,2026-02,Реактивация,Реактивация,Входящие лиды (нет ответа),да,,0.00,0,0,yd_prof_pentest_demo2,context,vea_b2c_prof_pentest_demo2_RSYA_100226_rm261125_RF_LEAD_TILDA|707144191,cid|707144191|gid|5714871145|aid|17596884738|adp|no|dvc|mobile|pid|205714871145|rid|205714871145|did|205714871145|pos|none0|adn|context|crid|0|,Пентест Демо,R301-M0A,,R-301-M0A,Другое,,,low,0
140635,127789,25.02.2026 22:19:57,2026-02,Холодная воронка,Холодная воронка,Некачественный лид,да,,0.00,0,0,yd_prof_pentest_demo,context,vea_b2c_prof_pentest_demo_RSYA_100226_rm261125_RF_LEAD_TILDA|707144207,cid|707144207|gid|5714871225|aid|17596885378|adp|no|dvc|mobile|pid|205714871225|rid|205714871225|did|205714871225|pos|none0|adn|context|crid|0|,Пентест Демо,R301-M0A,,R-301-M0A,Демо Ред,UTM Campaign,\bprof pentest demo\b,medium,0
140639,127639,25.02.2026 23:35:58,2026-02,Холодная воронка,Холодная воронка,Некачественный лид,да,,0.00,0,0,yd_prof_pentest_demo2,context,vea_b2c_prof_pentest_demo2_RSYA_100226_rm261125_RF_LEAD_TILDA|707144191,cid|707144191|gid|5714871141|aid|17596884725|adp|no|dvc|mobile|pid|205714871141|rid|205714871141|did|205714871141|pos|none0|adn|context|crid|0|,Пентест Демо,R301-M0A,,R-301-M0A,Другое,,,low,0
140663,127659,26.02.2026 10:53:13,2026-02,Реактивация,Реактивация,Входящие лиды (нет ответа),да,,0.00,0,0,yd_prof_pentest_demo2,context,vea_b2c_prof_pentest_demo2_RSYA_100226_rm261125_RF_LEAD_TILDA|707144191,cid|707144191|gid|5714871144|aid|17596884734|adp|no|dvc|mobile|pid|205714871144|rid|205714871144|did|205714871144|pos|none0|adn|context|crid|0|,Пентест Демо,R301-M0A,,R-301-M0A,Другое,,,low,0
140687,127675,26.02.2026 14:53:16,2026-02,B2C,B2C,Сделка не заключена,да,,0.00,0,0,yd_prof_pentest_demo2,context,vea_b2c_prof_pentest_demo2_RSYA_100226_rm261125_RF_LEAD_TILDA|707144191,cid|707144191|gid|5714871145|aid|17596884738|adp|no|dvc|mobile|pid|205714871145|rid|205714871145|did|205714871145|pos|none0|adn|context|crid|0|,Пентест Демо,R301-M0A,,R-301-M0A,Другое,,,low,0
140697,127685,26.02.2026 16:45:04,2026-02,Реактивация,Реактивация,Входящие лиды (нет ответа),да,,0.00,0,0,yd_prof_pentest_demo,context,vea_b2c_prof_pentest_demo_RSYA_100226_rm261125_RF_LEAD_TILDA|707144207,cid|707144207|gid|5714871223|aid|17596885373|adp|no|dvc|mobile|pid|56547531242|rid|56547531242|did|56547531242|pos|none0|adn|context|crid|0|,Пентест Демо,R301-M0A,,R-301-M0A,Демо Ред,UTM Campaign,\bprof pentest demo\b,medium,0
140729,127713,26.02.2026 23:20:43,2026-02,Реактивация,Реактивация,Входящие лиды (нет ответа),да,,0.00,0,0,yd_prof_pentest_demo2,context,vea_b2c_prof_pentest_demo2_RSYA_100226_rm261125_RF_LEAD_TILDA|707144191,cid|707144191|gid|5714871145|aid|17596884738|adp|no|dvc|mobile|pid|205714871145|rid|205714871145|did|205714871145|pos|none0|adn|context|crid|0|,Пентест Демо,R301-M0A,,R-301-M0A,Другое,,,low,0
140777,119581,27.02.2026 13:56:04,2026-02,Реактивация,Реактивация,Входящие лиды (нет ответа),да,,0.00,0,0,yd_prof_pentest_demo2,context,vea_b2c_prof_pentest_demo2_RSYA_100226_rm261125_RF_LEAD_TILDA|707144191,cid|707144191|gid|5714871145|aid|17596884738|adp|no|dvc|mobile|pid|205714871145|rid|205714871145|did|205714871145|pos|none0|adn|context|crid|0|,Пентест Демо,R301-M0A,,R-301-M0A,Другое,,,low,0
140785,127759,27.02.2026 14:50:09,2026-02,Реактивация,Реактивация,Входящие лиды (нет ответа),да,,0.00,0,0,yd_prof_pentest_demo2,context,vea_b2c_prof_pentest_demo2_RSYA_100226_rm261125_RF_LEAD_TILDA|707144191,cid|707144191|gid|5714871145|aid|17596884738|adp|no|dvc|mobile|pid|205714871145|rid|205714871145|did|205714871145|pos|none0|adn|context|crid|0|,Пентест Демо,R301-M0A,,R-301-M0A,Другое,,,low,0
140795,127763,27.02.2026 15:58:39,2026-02,Реактивация,Реактивация,Входящие лиды (нет ответа),нет,,0.00,0,0,yd_prof_pentest_demo2,context,vea_b2c_prof_pentest_demo2_RSYA_100226_rm261125_RF_LEAD_TILDA|707144191,cid|707144191|gid|5714871141|aid|17596884725|adp|no|dvc|mobile|pid|205714871141|rid|205714871141|did|205714871141|pos|none0|adn|context|crid|0|,Пентест Демо,R301-M0A,,R-301-M0A,Другое,,,low,0
140841,127789,27.02.2026 20:42:58,2026-02,Холодная воронка,Холодная воронка,Некачественный лид,да,,0.00,0,0,yd_prof_pentest_demo2,context,vea_b2c_prof_pentest_demo2_RSYA_100226_rm261125_RF_LEAD_TILDA|707144191,cid|707144191|gid|5714871146|aid|17596884740|adp|no|dvc|mobile|pid|205714871146|rid|205714871146|did|205714871146|pos|none0|adn|context|crid|0|,Пентест Демо,R301-M0A,,R-301-M0A,Другое,,,low,0
140915,127855,28.02.2026 14:13:42,2026-02,B2C,B2C,Потенциал 01,нет,,0.00,0,0,yd_prof_pentest_demo2,context,vea_b2c_prof_pentest_demo2_RSYA_100226_rm261125_RF_LEAD_TILDA|707144191,cid|707144191|gid|5714871144|aid|17596884733|adp|no|dvc|mobile|pid|205714871144|rid|205714871144|did|205714871144|pos|none0|adn|context|crid|0|,R-301,R301-M0A,,R-301-M0A,Другое,,,low,0
140965,127895,28.02.2026 20:12:35,2026-02,Реактивация,Реактивация,Входящие лиды (нет ответа),да,,0.00,0,0,yd_prof_pentest_demo2,context,vea_b2c_prof_pentest_demo2_RSYA_100226_rm261125_RF_LEAD_TILDA|707144191,cid|707144191|gid|5714871146|aid|17596884739|adp|no|dvc|mobile|pid|205714871146|rid|205714871146|did|205714871146|pos|none0|adn|context|crid|0|,Пентест Демо,R301-M0A,,R-301-M0A,Другое,,,low,0
140971,127899,28.02.2026 22:49:52,2026-02,Реактивация,Реактивация,Входящие лиды (нет ответа),да,,0.00,0,0,yd_prof_pentest_demo2,context,vea_b2c_prof_pentest_demo2_RSYA_100226_rm261125_RF_LEAD_TILDA|707144191,cid|707144191|gid|5714871142|aid|17596884727|adp|no|dvc|mobile|pid|205714871142|rid|205714871142|did|205714871142|pos|none0|adn|context|crid|0|,Пентест Демо,R301-M0A,,R-301-M0A,Другое,,,low,0
140993,127919,01.03.2026 07:26:34,2026-03,Реактивация,Реактивация,Входящие лиды (нет ответа),да,,0.00,0,0,yd_prof_pentest_demo2,context,vea_b2c_prof_pentest_demo2_RSYA_100226_rm261125_RF_LEAD_TILDA|707144191,cid|707144191|gid|5714871145|aid|17596884738|adp|no|dvc|mobile|pid|205714871145|rid|205714871145|did|205714871145|pos|none0|adn|context|crid|0|,Пентест Демо,R301-M0A,,R-301-M0A,Другое,,,low,0
140997,127925,01.03.2026 09:05:05,2026-03,B2C,B2C,Потенциал 01,нет,,0.00,0,0,yd_prof_pentest_demo2,context,vea_b2c_prof_pentest_demo2_RSYA_100226_rm261125_RF_LEAD_TILDA|707144191,cid|707144191|gid|5714871146|aid|17596884740|adp|no|dvc|mobile|pid|205714871146|rid|205714871146|did|205714871146|pos|none0|adn|context|crid|0|,Пентест Демо,R301-M0A,,R-301-M0A,Другое,,,low,0
141001,127925,01.03.2026 10:34:16,2026-03,Холодная воронка,Холодная воронка,Некачественный лид,да,,0.00,0,0,yd_prof_pentest_demo2,context,vea_b2c_prof_pentest_demo2_RSYA_100226_rm261125_RF_LEAD_TILDA|707144191,cid|707144191|gid|5714871142|aid|17596884728|adp|no|dvc|mobile|pid|205714871142|rid|205714871142|did|205714871142|pos|none0|adn|context|crid|0|,Пентест Демо,R301-M0A,,R-301-M0A,Другое,,,low,0
141003,127927,01.03.2026 11:24:59,2026-03,Холодная воронка,Холодная воронка,Некачественный лид,да,,0.00,0,0,yd_prof_pentest_demo2,context,vea_b2c_prof_pentest_demo2_RSYA_100226_rm261125_RF_LEAD_TILDA|707144191,cid|707144191|gid|5714871146|aid|17596884739|adp|no|dvc|mobile|pid|205714871146|rid|205714871146|did|205714871146|pos|none0|adn|context|crid|0|,Пентест Демо,R301-M0A,,R-301-M0A,Другое,,,low,0
141009,125943,01.03.2026 12:19:06,2026-03,Холодная воронка,Холодная воронка,Некачественный лид,да,,0.00,0,0,yd_prof_pentest_demo2,context,vea_b2c_prof_pentest_demo2_RSYA_100226_rm261125_RF_LEAD_TILDA|707144191,cid|707144191|gid|5714871145|aid|17596884738|adp|no|dvc|mobile|pid|205714871145|rid|205714871145|did|205714871145|pos|none0|adn|context|crid|0|,Пентест Демо,R301-M0A,,R-301-M0A,Другое,,,low,0
141029,127955,01.03.2026 14:24:27,2026-03,Реактивация,Реактивация,Входящие лиды (нет ответа),да,,0.00,0,0,yd_prof_pentest_demo2,context,vea_b2c_prof_pentest_demo2_RSYA_100226_rm261125_RF_LEAD_TILDA|707144191,cid|707144191|gid|5714871145|aid|17596884738|adp|no|dvc|desktop|pid|205714871145|rid|205714871145|did|205714871145|pos|none0|adn|context|crid|0|,Пентест Демо,R301-M0A,,R-301-M0A,Другое,,,low,0
141039,127963,01.03.2026 15:13:10,2026-03,Холодная воронка,Холодная воронка,Некачественный лид,да,,0.00,0,0,yd_prof_pentest_demo2,context,vea_b2c_prof_pentest_demo2_RSYA_100226_rm261125_RF_LEAD_TILDA|707144191,cid|707144191|gid|5714871146|aid|17596884739|adp|no|dvc|mobile|pid|205714871146|rid|205714871146|did|205714871146|pos|none0|adn|context|crid|0|,Пентест Демо,R301-M0A,,R-301-M0A,Другое,,,low,0
141065,127987,01.03.2026 17:49:36,2026-03,Холодная воронка,Холодная воронка,Некачественный лид,да,,0.00,0,0,yd_prof_pentest_demo2,context,vea_b2c_prof_pentest_demo2_RSYA_100226_rm261125_RF_LEAD_TILDA|707144191,cid|707144191|gid|5714871145|aid|17596884738|adp|no|dvc|mobile|pid|205714871145|rid|205714871145|did|205714871145|pos|none0|adn|context|crid|0|,Пентест Демо,R301-M0A,,R-301-M0A,Другое,,,low,0
141077,127997,01.03.2026 19:17:26,2026-03,Реактивация,Реактивация,Входящие лиды (нет ответа),да,,0.00,0,0,yd_prof_pentest_demo2,context,vea_b2c_prof_pentest_demo2_RSYA_100226_rm261125_RF_LEAD_TILDA|707144191,cid|707144191|gid|5714871145|aid|17596884738|adp|no|dvc|mobile|pid|205714871145|rid|205714871145|did|205714871145|pos|none0|adn|context|crid|0|,Пентест Демо,R301-M0A,,R-301-M0A,Другое,,,low,0
141079,127999,01.03.2026 19:33:23,2026-03,B2C,B2C,Сделка не заключена,да,,0.00,0,0,yd_prof_pentest_demo2,context,vea_b2c_prof_pentest_demo2_RSYA_100226_rm261125_RF_LEAD_TILDA|707144191,cid|707144191|gid|5714871145|aid|17596884738|adp|no|dvc|desktop|pid|205714871145|rid|205714871145|did|205714871145|pos|none0|adn|context|crid|0|,Пентест Демо,R301-M0A,,R-301-M0A,Другое,,,low,0
141089,128003,01.03.2026 20:52:26,2026-03,B2C,B2C,Потенциал 01,нет,,0.00,0,0,yd_prof_pentest_demo2,context,vea_b2c_prof_pentest_demo2_RSYA_100226_rm261125_RF_LEAD_TILDA|707144191,cid|707144191|gid|5714871145|aid|17596884738|adp|no|dvc|mobile|pid|205714871145|rid|205714871145|did|205714871145|pos|none0|adn|context|crid|0|,Пентест Демо,R301-M0A,,R-301-M0A,Другое,,,low,0
141109,128023,02.03.2026 08:15:37,2026-03,Холодная воронка,Холодная воронка,Некачественный лид,да,,0.00,0,0,yd_prof_pentest_demo2,context,vea_b2c_prof_pentest_demo2_RSYA_100226_rm261125_RF_LEAD_TILDA|707144191,cid|707144191|gid|5714871141|aid|17596884725|adp|no|dvc|mobile|pid|205714871141|rid|205714871141|did|205714871141|pos|none0|adn|context|crid|0|,Пентест Демо,R301-M0A,,R-301-M0A,Другое,,,low,0
141643,128521,02.03.2026 22:30:21,2026-03,Реактивация,Реактивация,Входящие лиды (нет ответа),да,,0.00,0,0,yd_prof_pentest_demo2,context,vea_b2c_prof_pentest_demo2_RSYA_100226_rm261125_RF_LEAD_TILDA|707144191,cid|707144191|gid|5714871146|aid|17596884740|adp|no|dvc|mobile|pid|205714871146|rid|205714871146|did|205714871146|pos|none0|adn|context|crid|0|,Пентест Демо,R301-M0A,,R-301-M0A,Другое,,,low,0
141715,123485,03.03.2026 12:36:13,2026-03,Реактивация,Реактивация,Входящие лиды (нет ответа),да,,0.00,0,0,yd_prof_pentest_demo2,context,vea_b2c_prof_pentest_demo2_RSYA_100226_rm261125_RF_LEAD_TILDA|707144191,cid|707144191|gid|5714871145|aid|17596884737|adp|no|dvc|desktop|pid|205714871145|rid|205714871145|did|205714871145|pos|none0|adn|context|crid|0|,Пентест Демо,R301-M0A,,R-301-M0A,Другое,,,low,0
141729,128587,03.03.2026 13:05:54,2026-03,Холодная воронка,Холодная воронка,Некачественный лид,да,,0.00,0,0,yd_prof_pentest_demo2,context,vea_b2c_prof_pentest_demo2_RSYA_100226_rm261125_RF_LEAD_TILDA|707144191,cid|707144191|gid|5714871145|aid|17596884736|adp|no|dvc|desktop|pid|205714871145|rid|205714871145|did|205714871145|pos|none0|adn|context|crid|0|,Пентест Демо,R301-M0A,,R-301-M0A,Другое,,,low,0
141749,128605,03.03.2026 14:21:39,2026-03,Реактивация,Реактивация,Входящие лиды (нет ответа),нет,,0.00,0,0,yd_prof_pentest_demo2,context,vea_b2c_prof_pentest_demo2_RSYA_100226_rm261125_RF_LEAD_TILDA|707144191,cid|707144191|gid|5714871145|aid|17596884738|adp|no|dvc|mobile|pid|205714871145|rid|205714871145|did|205714871145|pos|none0|adn|context|crid|0|,Пентест Демо,R301-M0A,,R-301-M0A,Другое,,,low,0
142509,117081,11.03.2026 11:55:59,2026-03,Холодная воронка,Холодная воронка,Некачественный лид,да,,0.00,0,0,yd,%7Bsource_type%7D,%7Bcampaign_id%7D,%7Bad_id%7D,ПБХ,R-101,,R-101,Другое,,,low,0
146723,132897,27.03.2026 11:51:49,2026-03,Реактивация,Реактивация,Вебинары,нет,,0.00,0,0,YouTube_propentest,social,career_stream_28_03,,Вебинар Зайцев 28.03,,,,Другое,,,low,0
146729,132903,27.03.2026 12:21:27,2026-03,Реактивация,Реактивация,Вебинары,нет,,0.00,0,0,YouTube_propentest,social,career_stream_28_03,,Вебинар Зайцев 28.03,,,,Другое,,,low,0
146733,132907,27.03.2026 12:23:41,2026-03,Реактивация,Реактивация,Вебинары,нет,,0.00,0,0,YouTube_propentest,social,career_stream_28_03,,Вебинар Зайцев 28.03,,,,Другое,,,low,0
146735,132909,27.03.2026 12:24:31,2026-03,Реактивация,Реактивация,Вебинары,нет,,0.00,0,0,YouTube_propentest,social,career_stream_28_03,,Вебинар Зайцев 28.03,,,,Другое,,,low,0
146737,132911,27.03.2026 12:24:36,2026-03,Реактивация,Реактивация,Вебинары,нет,,0.00,0,0,YouTube_propentest,social,career_stream_28_03,,Вебинар Зайцев 28.03,,,,Другое,,,low,0
146741,132913,27.03.2026 12:29:21,2026-03,Реактивация,Реактивация,Вебинары,нет,,0.00,0,0,YouTube_propentest,social,career_stream_28_03,,Вебинар Зайцев 28.03,,,,Другое,,,low,0
146743,132915,27.03.2026 12:31:02,2026-03,Реактивация,Реактивация,Вебинары,нет,,0.00,0,0,YouTube_propentest,social,career_stream_28_03,,Вебинар Зайцев 28.03,,,,Другое,,,low,0
146745,132917,27.03.2026 12:35:20,2026-03,Реактивация,Реактивация,Вебинары,нет,,0.00,0,0,YouTube_propentest,social,career_stream_28_03,,Вебинар Зайцев 28.03,,,,Другое,,,low,0
146747,132919,27.03.2026 12:35:34,2026-03,Реактивация,Реактивация,Вебинары,нет,,0.00,0,0,YouTube_propentest,social,career_stream_28_03,,Вебинар Зайцев 28.03,,,,Другое,,,low,0
146749,132921,27.03.2026 12:39:56,2026-03,Реактивация,Реактивация,Вебинары,нет,,0.00,0,0,YouTube_propentest,social,career_stream_28_03,,Вебинар Зайцев 28.03,,,,Другое,,,low,0
146751,132923,27.03.2026 12:42:27,2026-03,Реактивация,Реактивация,Вебинары,нет,,0.00,0,0,YouTube_propentest,social,career_stream_28_03,,Вебинар Зайцев 28.03,,,,Другое,,,low,0
146757,132929,27.03.2026 12:44:17,2026-03,Реактивация,Реактивация,Вебинары,нет,,0.00,0,0,YouTube_propentest,social,career_stream_28_03,,Вебинар Зайцев 28.03,,,,Другое,,,low,0
146759,132931,27.03.2026 12:45:36,2026-03,Реактивация,Реактивация,Вебинары,нет,,0.00,0,0,YouTube_propentest,social,career_stream_28_03,,Вебинар Зайцев 28.03,,,,Другое,,,low,0
146763,132935,27.03.2026 12:46:59,2026-03,Реактивация,Реактивация,Вебинары,нет,,0.00,0,0,YouTube_propentest,social,career_stream_28_03,,Вебинар Зайцев 28.03,,,,Другое,,,low,0
146773,132945,27.03.2026 13:01:52,2026-03,Реактивация,Реактивация,Вебинары,нет,,0.00,0,0,YouTube_propentest,social,career_stream_28_03,,Вебинар Зайцев 28.03,,,,Другое,,,low,0
146775,132947,27.03.2026 13:03:48,2026-03,Реактивация,Реактивация,Вебинары,нет,,0.00,0,0,YouTube_propentest,social,career_stream_28_03,,Вебинар Зайцев 28.03,,,,Другое,,,low,0
146795,132967,27.03.2026 13:33:06,2026-03,Реактивация,Реактивация,Вебинары,нет,,0.00,0,0,YouTube_propentest,social,career_stream_28_03,,Вебинар Зайцев 28.03,,,,Другое,,,low,0
146835,133007,27.03.2026 14:57:39,2026-03,Реактивация,Реактивация,Вебинары,нет,,0.00,0,0,YouTube_propentest,social,career_stream_28_03,,Вебинар Зайцев 28.03,,,,Другое,,,low,0
146873,133041,27.03.2026 16:47:25,2026-03,Реактивация,Реактивация,Вебинары,нет,,0.00,0,0,YouTube_propentest,social,career_stream_28_03,,Вебинар Зайцев 28.03,,,,Другое,,,low,0
146883,133049,27.03.2026 17:25:27,2026-03,Реактивация,Реактивация,Вебинары,нет,,0.00,0,0,YouTube_propentest,social,career_stream_28_03,,Вебинар Зайцев 28.03,,,,Другое,,,low,0
146887,133053,27.03.2026 17:39:00,2026-03,Реактивация,Реактивация,Вебинары,нет,,0.00,0,0,YouTube_propentest,social,career_stream_28_03,,Вебинар Зайцев 28.03,,,,Другое,,,low,0
146893,133059,27.03.2026 18:49:55,2026-03,Реактивация,Реактивация,Вебинары,нет,,0.00,0,0,YouTube_propentest,social,career_stream_28_03,,Вебинар Зайцев 28.03,,,,Другое,,,low,0
